category_name,tags
AI工具,['AI视频工具']
AI工具,['AI常用工具']
AI工具,['AI设计工具']
AI工具,['AI写作工具']
AI工具,['AI编程工具']
AI工具,['AI办公工具']
Facebook,['FB常用工具']
Facebook,['FB广告工具']
Facebook,['FB申诉链接']
Facebook,['FB官方资料']
Google,['谷歌插件']
Google,['关键词工具']
Google,['Google常用']
Google,['SEO工具']
TikTok,['平台入口']
TikTok,['ERP']
TikTok,['TK分销']
TikTok,['内容分析']
TikTok,['流量运营']
TikTok,['内容素材']
TikTok,['视频剪辑']
TikTok,['TK物流']
TikTok,['培训机构']
TikTok,['网红平台']
TikTok,['TK选品']
proxy,"[""Telegram"", ""Cyprus"", ""Germany"", ""Estonia"", ""New Zealand"", ""Malta"", ""Twitter"", ""TikTok"", ""Belgium"", ""Japan"", ""Free"", ""Hungary"", ""United Kingdom"", ""United States"", ""Czech Republic"", ""eBay"", ""Brazil"", ""Denmark"", ""China"", ""India"", ""YouTube"", ""Croatia"", ""Reddit"", ""Argentina"", ""Craigslist"", ""Netherlands"", ""Israel"", ""Slovakia"", ""Instagram"", ""Social Media"", ""Lithuania"", ""Mexico"", ""Iceland"", ""Italy"", ""Portugal"", ""Discord"", ""Bulgaria"", ""Indonesia"", ""Poland"", ""Sweden"", ""Pinterest"", ""SEO"", ""Austria"", ""Ukraine"", ""France"", ""Mobile"", ""ISP"", ""Finland"", ""Sneaker"", ""Facebook"", ""Canada"", ""Australia"", ""Vietnam"", ""Spain"", ""Romania"", ""Greece"", ""Rotating"", ""Scraping"", ""Google"", ""Russia"", ""South Korea"", ""Latvia"", ""Ireland"", ""Slovenia"", ""Liechtenstein"", ""Amazon"", ""Pakistan"", ""Luxembourg"", ""Norway""]"
proxy,"[""Telegram"", ""Japan"", ""Brazil"", ""Slovakia"", ""Israel"", ""Portugal"", ""Poland"", ""Finland"", ""Mobile"", ""Australia"", ""Spain"", ""Romania"", ""Greece"", ""South Korea"", ""Dedicated"", ""Estonia"", ""Twitter"", ""Private"", ""Premium"", ""Free"", ""United Kingdom"", ""SOCKS5"", ""Datacenter"", ""Argentina"", ""Social Media"", ""IPV4"", ""Ukraine"", ""France"", ""Sneaker"", ""Paid"", ""Vietnam"", ""Rotating"", ""Google"", ""Russia"", ""Latvia"", ""Malta"", ""Norway"", ""Cyprus"", ""Germany"", ""Hungary"", ""eBay"", ""YouTube"", ""Iceland"", ""Discord"", ""Bulgaria"", ""Sweden"", ""Shared"", ""Pinterest"", ""Austria"", ""Canada"", ""Scraping"", ""Residential"", ""Ireland"", ""Slovenia"", ""Liechtenstein"", ""Pakistan"", ""Luxembourg"", ""New Zealand"", ""TikTok"", ""Belgium"", ""United States"", ""Czech Republic"", ""Denmark"", ""China"", ""India"", ""Croatia"", ""Reddit"", ""Craigslist"", ""Netherlands"", ""Instagram"", ""Lithuania"", ""Mexico"", ""Italy"", ""Indonesia"", ""SEO"", ""ISP"", ""Amazon"", ""Facebook""]"
proxy,"[""Telegram"", ""Cyprus"", ""Estonia"", ""Germany"", ""Malta"", ""New Zealand"", ""Twitter"", ""Private"", ""TikTok"", ""Premium"", ""Belgium"", ""Hungary"", ""Japan"", ""United Kingdom"", ""United States"", ""SOCKS5"", ""Czech Republic"", ""Luxembourg"", ""eBay"", ""Brazil"", ""Denmark"", ""China"", ""India"", ""YouTube"", ""Datacenter"", ""Croatia"", ""Reddit"", ""Argentina"", ""Craigslist"", ""Netherlands"", ""Israel"", ""Slovakia"", ""Instagram"", ""Social Media"", ""Lithuania"", ""Mexico"", ""Discord"", ""Italy"", ""Portugal"", ""Bulgaria"", ""Poland"", ""Sweden"", ""Shared"", ""Pinterest"", ""SEO"", ""IPV4"", ""Austria"", ""Finland"", ""France"", ""Mobile"", ""ISP"", ""Ukraine"", ""Sneaker"", ""Paid"", ""Facebook"", ""Canada"", ""Vietnam"", ""Spain"", ""Romania"", ""Greece"", ""Switzerland"", ""Rotating"", ""Scraping"", ""Residential"", ""Google"", ""Russia"", ""Latvia"", ""South Korea"", ""Ireland"", ""Liechtenstein"", ""Slovenia"", ""Amazon"", ""Pakistan"", ""Dedicated"", ""Norway""]"
proxy,"[""Telegram"", ""Japan"", ""Brazil"", ""Slovakia"", ""Israel"", ""Portugal"", ""Poland"", ""Finland"", ""Australia"", ""Spain"", ""Romania"", ""Greece"", ""South Korea"", ""Dedicated"", ""Estonia"", ""Twitter"", ""Private"", ""Premium"", ""Free"", ""United Kingdom"", ""SOCKS5"", ""Datacenter"", ""Argentina"", ""Social Media"", ""IPV4"", ""Ukraine"", ""France"", ""Sneaker"", ""Paid"", ""Vietnam"", ""Rotating"", ""Google"", ""Russia"", ""Latvia"", ""Malta"", ""Norway"", ""Cyprus"", ""Germany"", ""Hungary"", ""eBay"", ""YouTube"", ""Iceland"", ""Discord"", ""Bulgaria"", ""Sweden"", ""Shared"", ""Pinterest"", ""Austria"", ""Canada"", ""Scraping"", ""Residential"", ""Ireland"", ""Slovenia"", ""Liechtenstein"", ""Pakistan"", ""Luxembourg"", ""New Zealand"", ""TikTok"", ""Belgium"", ""United States"", ""Czech Republic"", ""Denmark"", ""China"", ""India"", ""Croatia"", ""Reddit"", ""Craigslist"", ""Netherlands"", ""Instagram"", ""Lithuania"", ""Mexico"", ""Italy"", ""Indonesia"", ""SEO"", ""ISP"", ""Amazon"", ""Facebook""]"
proxy,"[""Telegram"", ""Japan"", ""Brazil"", ""Slovakia"", ""Israel"", ""Portugal"", ""Poland"", ""Finland"", ""Mobile"", ""Australia"", ""Spain"", ""Romania"", ""Greece"", ""South Korea"", ""Dedicated"", ""Estonia"", ""Twitter"", ""Private"", ""Premium"", ""United Kingdom"", ""SOCKS5"", ""Datacenter"", ""Argentina"", ""Social Media"", ""IPV4"", ""Ukraine"", ""France"", ""Sneaker"", ""Paid"", ""Vietnam"", ""Rotating"", ""Google"", ""Russia"", ""Latvia"", ""Malta"", ""Norway"", ""Cyprus"", ""Germany"", ""Hungary"", ""eBay"", ""YouTube"", ""Iceland"", ""Discord"", ""Bulgaria"", ""Sweden"", ""Shared"", ""Pinterest"", ""Austria"", ""Canada"", ""Scraping"", ""Residential"", ""Ireland"", ""Slovenia"", ""Liechtenstein"", ""Pakistan"", ""Luxembourg"", ""New Zealand"", ""TikTok"", ""Belgium"", ""United States"", ""Czech Republic"", ""Denmark"", ""China"", ""India"", ""Croatia"", ""Reddit"", ""Craigslist"", ""Netherlands"", ""Instagram"", ""Lithuania"", ""Mexico"", ""Italy"", ""Indonesia"", ""SEO"", ""ISP"", ""Amazon"", ""Facebook""]"
proxy,"[""Telegram"", ""Cyprus"", ""Germany"", ""Estonia"", ""New Zealand"", ""Malta"", ""Twitter"", ""TikTok"", ""Belgium"", ""Japan"", ""Hungary"", ""United Kingdom"", ""United States"", ""Czech Republic"", ""eBay"", ""Luxembourg"", ""Brazil"", ""Denmark"", ""China"", ""India"", ""YouTube"", ""Datacenter"", ""Croatia"", ""Reddit"", ""Argentina"", ""Craigslist"", ""Netherlands"", ""Israel"", ""Slovakia"", ""Instagram"", ""Social Media"", ""Lithuania"", ""Mexico"", ""Iceland"", ""Italy"", ""Portugal"", ""Discord"", ""Bulgaria"", ""Indonesia"", ""Poland"", ""Sweden"", ""Pinterest"", ""SEO"", ""Austria"", ""Ukraine"", ""France"", ""Finland"", ""Sneaker"", ""Facebook"", ""Canada"", ""Australia"", ""Vietnam"", ""Spain"", ""Romania"", ""Greece"", ""Google"", ""Scraping"", ""Residential"", ""Russia"", ""South Korea"", ""Latvia"", ""Ireland"", ""Slovenia"", ""Liechtenstein"", ""Amazon"", ""Pakistan"", ""Dedicated"", ""Norway""]"
proxy,"[""Telegram"", ""Japan"", ""Brazil"", ""Slovakia"", ""Israel"", ""Portugal"", ""Poland"", ""Finland"", ""Mobile"", ""Australia"", ""Spain"", ""Romania"", ""Greece"", ""South Korea"", ""Dedicated"", ""Estonia"", ""Twitter"", ""Private"", ""Premium"", ""Free"", ""United Kingdom"", ""SOCKS5"", ""Datacenter"", ""Argentina"", ""Social Media"", ""IPV4"", ""Ukraine"", ""France"", ""Sneaker"", ""Paid"", ""Vietnam"", ""Rotating"", ""Google"", ""Russia"", ""Latvia"", ""Malta"", ""Norway"", ""Cyprus"", ""Germany"", ""Hungary"", ""eBay"", ""YouTube"", ""Iceland"", ""Discord"", ""Bulgaria"", ""Sweden"", ""Shared"", ""Pinterest"", ""Austria"", ""Canada"", ""Scraping"", ""Residential"", ""Ireland"", ""Liechtenstein"", ""Slovenia"", ""Pakistan"", ""Luxembourg"", ""New Zealand"", ""TikTok"", ""Belgium"", ""United States"", ""Czech Republic"", ""Denmark"", ""China"", ""India"", ""Croatia"", ""Reddit"", ""Craigslist"", ""Netherlands"", ""Instagram"", ""Lithuania"", ""Mexico"", ""Italy"", ""Indonesia"", ""SEO"", ""ISP"", ""Amazon"", ""Facebook""]"
proxy,"[""Telegram"", ""Cyprus"", ""Germany"", ""Estonia"", ""New Zealand"", ""Malta"", ""Twitter"", ""Private"", ""TikTok"", ""Premium"", ""Belgium"", ""Japan"", ""Hungary"", ""United Kingdom"", ""United States"", ""SOCKS5"", ""Czech Republic"", ""Luxembourg"", ""eBay"", ""Brazil"", ""Denmark"", ""China"", ""India"", ""YouTube"", ""Datacenter"", ""Croatia"", ""Reddit"", ""Argentina"", ""Craigslist"", ""Netherlands"", ""Israel"", ""Slovakia"", ""Instagram"", ""Social Media"", ""Lithuania"", ""Mexico"", ""Iceland"", ""Italy"", ""Portugal"", ""Discord"", ""Bulgaria"", ""Indonesia"", ""Poland"", ""Sweden"", ""Shared"", ""Pinterest"", ""SEO"", ""IPV4"", ""Austria"", ""Ukraine"", ""France"", ""Finland"", ""ISP"", ""Sneaker"", ""Paid"", ""Facebook"", ""Canada"", ""Australia"", ""Vietnam"", ""Spain"", ""Romania"", ""Greece"", ""Rotating"", ""Scraping"", ""Residential"", ""Google"", ""Russia"", ""South Korea"", ""Latvia"", ""Ireland"", ""Slovenia"", ""Liechtenstein"", ""Amazon"", ""Pakistan"", ""Dedicated"", ""Norway""]"
proxy,"[""Telegram"", ""Cyprus"", ""Estonia"", ""Germany"", ""Malta"", ""New Zealand"", ""Twitter"", ""Private"", ""TikTok"", ""Premium"", ""Belgium"", ""Hungary"", ""Japan"", ""United Kingdom"", ""United States"", ""SOCKS5"", ""Czech Republic"", ""Luxembourg"", ""eBay"", ""Brazil"", ""Denmark"", ""China"", ""India"", ""YouTube"", ""Datacenter"", ""Croatia"", ""Reddit"", ""Argentina"", ""Craigslist"", ""Netherlands"", ""Israel"", ""Slovakia"", ""Instagram"", ""Social Media"", ""Lithuania"", ""Mexico"", ""Discord"", ""Italy"", ""Portugal"", ""Bulgaria"", ""Poland"", ""Sweden"", ""Shared"", ""Pinterest"", ""SEO"", ""IPV4"", ""Austria"", ""Finland"", ""France"", ""Ukraine"", ""Sneaker"", ""Paid"", ""Facebook"", ""Canada"", ""Vietnam"", ""Spain"", ""Romania"", ""Greece"", ""Switzerland"", ""Rotating"", ""Scraping"", ""Residential"", ""Google"", ""Russia"", ""Latvia"", ""South Korea"", ""Ireland"", ""Liechtenstein"", ""Slovenia"", ""Amazon"", ""Pakistan"", ""Dedicated"", ""Norway""]"
proxy,"[""Telegram"", ""Cyprus"", ""Germany"", ""Estonia"", ""New Zealand"", ""Malta"", ""Twitter"", ""Private"", ""TikTok"", ""Premium"", ""Belgium"", ""Japan"", ""Hungary"", ""United Kingdom"", ""United States"", ""SOCKS5"", ""Czech Republic"", ""Luxembourg"", ""eBay"", ""Brazil"", ""Denmark"", ""China"", ""India"", ""YouTube"", ""Datacenter"", ""Croatia"", ""Reddit"", ""Argentina"", ""Craigslist"", ""Netherlands"", ""Israel"", ""Slovakia"", ""Instagram"", ""Social Media"", ""Lithuania"", ""Mexico"", ""Iceland"", ""Italy"", ""Portugal"", ""Discord"", ""Bulgaria"", ""Indonesia"", ""Poland"", ""Sweden"", ""Shared"", ""Pinterest"", ""SEO"", ""IPV4"", ""Austria"", ""Ukraine"", ""France"", ""Finland"", ""Sneaker"", ""Paid"", ""Facebook"", ""Canada"", ""Australia"", ""Vietnam"", ""Spain"", ""Romania"", ""Greece"", ""Rotating"", ""Scraping"", ""Google"", ""Russia"", ""South Korea"", ""Latvia"", ""Ireland"", ""Slovenia"", ""Liechtenstein"", ""Amazon"", ""Pakistan"", ""Dedicated"", ""Norway""]"
全球接码,['短信接码']
全球接码,['2FA短信验证码发送']
全球接码,['虚拟邮箱']
全球支付,['跨境支付']
全球网络,['域名注册']
全球网络,['全球VPS']
全球网络,['中国VPS']
全球网络,['全球IP代理']
内容制作,['Lander制作']
内容制作,['logo设计']
内容制作,['视频下载']
内容制作,['图库网站']
内容制作,['Logo设计']
内容制作,['文案工具']
内容制作,['lander制作']
内容制作,['图库编辑']
内容制作,['素材编辑']
国际信息,['国际短信']
国际信息,['虚拟邮箱']
国际信息,['虚拟资料生成器']
实用工具,['推荐工具']
实用工具,['SCRM工具']
实用工具,['效率工具']
实用工具,['短链生成工具']
实用工具,['筛号工具']
实用工具,['常用工具']
实用工具,['常用网址']
广告工具,['检测优化']
广告工具,['广告监测']
广告工具,['广告开户']
广告工具,['Cloak工具']
广告工具,['广告检测']
广告工具,['追踪系统']
引流工具,['云手机']
引流工具,['脚本工具']
引流工具,['新机工具']
引流工具,['模拟器']
技术交流,['主机交流']
技术交流,['逆向安全']
技术交流,['软件开发']
数字货币,['交易所']
数字货币,['财经新闻']
数字货币,['区块链媒体']
数字货币,['市场数据']
数字货币,['NFT工具']
数字货币,['钱包']
海外推广,['社交营销']
海外推广,['EDM营销']
海外推广,['社交媒体']
海外推广,['网红营销']
独立站,['采集选品']
独立站,['独立建站']
独立站,['独立站物流']
社媒资源,['涨粉平台']
社媒资源,['帐号购买']
社媒资源,['账号购买']
综合软件,['效率工具']
综合软件,['推荐工具']
网络资源,['动态代理']
网络资源,['代理检测']
网络资源,['静态代理']
网络资源,['VPS推荐']
网络资源,['TikTok直播专线']
网络资源,['网络加速器']
网络资源,['指纹检测']
跨境推广,['社交营销']
跨境推广,['EDM营销']
跨境推广,['网红营销']
跨境推广,['社交媒体']
跨境服务,['电商平台']
跨境服务,['常用ERP']
跨境服务,['广告代理']
跨境服务,['货源网站']
跨境服务,['物流货代']
跨境电商,['独立站']
跨境电商,['电商平台']
跨境电商,['选品分析']
跨境电商,['Deals平台']
跨境资讯,['全球论坛']
跨境资讯,['国内论坛']
跨境资讯,['全球新闻']
跨境资讯,['Affliate联盟']
跨境资讯,['affiate联盟']
跨境资讯,['中国论坛']
跨境资讯,['国外论坛']
跨境金融,['虚拟信用卡']
跨境金融,['跨境贷款']
跨境金融,['跨境支付']
跨境金融,['财税合规']
