id,code,name_en,name_cn,category_name,name_de,name_es,name_fr,name_jp,name_pt,name_ru,name_tw
,静态代理,静态代理,,网络资源,,,,,,,
,动态代理,动态代理,,网络资源,,,,,,,
,TikTok直播专线,TikTok直播专线,,网络资源,,,,,,,
,网络加速器,网络加速器,,网络资源,,,,,,,
,VPS推荐,VPS推荐,,网络资源,,,,,,,
,指纹检测,指纹检测,,网络资源,,,,,,,
,代理检测,代理检测,,网络资源,,,,,,,
,平台入口,平台入口,,TikTok,,,,,,,
,网红平台,网红平台,,TikTok,,,,,,,
,培训机构,培训机构,,TikTok,,,,,,,
,ERP,ERP,,TikTok,,,,,,,
,TK选品,TK选品,,TikTok,,,,,,,
,内容素材,内容素材,,TikTok,,,,,,,
,视频剪辑,视频剪辑,,TikTok,,,,,,,
,内容分析,内容分析,,TikTok,,,,,,,
,流量运营,流量运营,,TikTok,,,,,,,
,TK分销,TK分销,,TikTok,,,,,,,
,TK物流,TK物流,,TikTok,,,,,,,
,虚拟信用卡,虚拟信用卡,,跨境金融,,,,,,,
,跨境支付,跨境支付,,跨境金融,,,,,,,
,财税合规,财税合规,,跨境金融,,,,,,,
,跨境贷款,跨境贷款,,跨境金融,,,,,,,
,虚拟邮箱,虚拟邮箱,,国际信息,,,,,,,
,国际短信,国际短信,,国际信息,,,,,,,
,虚拟资料生成器,虚拟资料生成器,,国际信息,,,,,,,
,国内论坛,国内论坛,,跨境资讯,,,,,,,
,国外论坛,国外论坛,,跨境资讯,,,,,,,
,affiate联盟,affiate联盟,,跨境资讯,,,,,,,
,广告开户,广告开户,,广告工具,,,,,,,
,广告检测,广告检测,,广告工具,,,,,,,
,追踪系统,追踪系统,,广告工具,,,,,,,
,Cloak工具,Cloak工具,,广告工具,,,,,,,
,检测优化,检测优化,,广告工具,,,,,,,
,社交媒体,社交媒体,,海外推广,,,,,,,
,社交营销,社交营销,,海外推广,,,,,,,
,网红营销,网红营销,,海外推广,,,,,,,
,EDM营销,EDM营销,,海外推广,,,,,,,
,独立建站,独立建站,,独立站,,,,,,,
,采集选品,采集选品,,独立站,,,,,,,
,独立站物流,独立站物流,,独立站,,,,,,,
,FB常用工具,FB常用工具,,Facebook,,,,,,,
,FB申诉链接,FB申诉链接,,Facebook,,,,,,,
,FB官方资料,FB官方资料,,Facebook,,,,,,,
,FB广告工具,FB广告工具,,Facebook,,,,,,,
,Google常用,Google常用,,Google,,,,,,,
,谷歌插件,谷歌插件,,Google,,,,,,,
,关键词工具,关键词工具,,Google,,,,,,,
,SEO工具,SEO工具,,Google,,,,,,,
,帐号购买,帐号购买,,社媒资源,,,,,,,
,涨粉平台,涨粉平台,,社媒资源,,,,,,,
,脚本工具,脚本工具,,引流工具,,,,,,,
,模拟器,模拟器,,引流工具,,,,,,,
,新机工具,新机工具,,引流工具,,,,,,,
,lander制作,lander制作,,内容制作,,,,,,,
,文案工具,文案工具,,内容制作,,,,,,,
,素材编辑,素材编辑,,内容制作,,,,,,,
,图库编辑,图库编辑,,内容制作,,,,,,,
,logo设计,logo设计,,内容制作,,,,,,,
,视频下载,视频下载,,内容制作,,,,,,,
,软件开发,软件开发,,技术交流,,,,,,,
,逆向安全,逆向安全,,技术交流,,,,,,,
,主机交流,主机交流,,技术交流,,,,,,,
,推荐工具,推荐工具,,综合软件,,,,,,,
,效率工具,效率工具,,综合软件,,,,,,,
,电商平台,电商平台,,跨境服务,,,,,,,
,常用ERP,常用ERP,,跨境服务,,,,,,,
,货源网站,货源网站,,跨境服务,,,,,,,
,常用工具,常用工具,,实用工具,,,,,,,
,推荐工具,推荐工具,,实用工具,,,,,,,
,常用网址,常用网址,,实用工具,,,,,,,
,效率工具,效率工具,,实用工具,,,,,,,
,短链生成工具,短链生成工具,,实用工具,,,,,,,
,SCRM工具,SCRM工具,,实用工具,,,,,,,
,筛号工具,筛号工具,,实用工具,,,,,,,
,AI常用工具,AI常用工具,,AI工具,,,,,,,
,AI办公工具,AI办公工具,,AI工具,,,,,,,
,AI写作工具,AI写作工具,,AI工具,,,,,,,
,AI视频工具,AI视频工具,,AI工具,,,,,,,
,AI设计工具,AI设计工具,,AI工具,,,,,,,
,AI编程工具,AI编程工具,,AI工具,,,,,,,
,全球新闻,全球新闻,,跨境资讯,,,,,,,
,中国论坛,中国论坛,,跨境资讯,,,,,,,
,全球论坛,全球论坛,,跨境资讯,,,,,,,
,Affliate联盟,Affliate联盟,,跨境资讯,,,,,,,
,社交媒体,社交媒体,,跨境推广,,,,,,,
,社交营销,社交营销,,跨境推广,,,,,,,
,网红营销,网红营销,,跨境推广,,,,,,,
,EDM营销,EDM营销,,跨境推广,,,,,,,
,账号购买,账号购买,,社媒资源,,,,,,,
,涨粉平台,涨粉平台,,社媒资源,,,,,,,
,全球VPS,全球VPS,,全球网络,,,,,,,
,中国VPS,中国VPS,,全球网络,,,,,,,
,全球IP代理,全球IP代理,,全球网络,,,,,,,
,域名注册,域名注册,,全球网络,,,,,,,
,2FA短信验证码发送,2FA短信验证码发送,,全球接码,,,,,,,
,短信接码,短信接码,,全球接码,,,,,,,
,虚拟邮箱,虚拟邮箱,,全球接码,,,,,,,
,区块链媒体,区块链媒体,,数字货币,,,,,,,
,财经新闻,财经新闻,,数字货币,,,,,,,
,市场数据,市场数据,,数字货币,,,,,,,
,NFT工具,NFT工具,,数字货币,,,,,,,
,交易所,交易所,,数字货币,,,,,,,
,钱包,钱包,,数字货币,,,,,,,
,跨境支付,跨境支付,,全球支付,,,,,,,
,FB常用工具,FB常用工具,,Facebook,,,,,,,
,FB申诉链接,FB申诉链接,,Facebook,,,,,,,
,FB官方资料,FB官方资料,,Facebook,,,,,,,
,FB广告工具,FB广告工具,,Facebook,,,,,,,
,Google常用,Google常用,,Google,,,,,,,
,谷歌插件,谷歌插件,,Google,,,,,,,
,关键词工具,关键词工具,,Google,,,,,,,
,SEO工具,SEO工具,,Google,,,,,,,
,广告监测,广告监测,,广告工具,,,,,,,
,追踪系统,追踪系统,,广告工具,,,,,,,
,Cloak工具,Cloak工具,,广告工具,,,,,,,
,检测优化,检测优化,,广告工具,,,,,,,
,社交app,社交app,,全球APP下载,,,,,,,
,电商app,电商app,,全球APP下载,,,,,,,
,常用app,常用app,,全球APP下载,,,,,,,
,Lander制作,Lander制作,,内容制作,,,,,,,
,文案工具,文案工具,,内容制作,,,,,,,
,素材编辑,素材编辑,,内容制作,,,,,,,
,图库网站,图库网站,,内容制作,,,,,,,
,Logo设计,Logo设计,,内容制作,,,,,,,
,视频下载,视频下载,,内容制作,,,,,,,
,软件开发,软件开发,,技术交流,,,,,,,
,逆向安全,逆向安全,,技术交流,,,,,,,
,主机交流,主机交流,,技术交流,,,,,,,
,脚本工具,脚本工具,,引流工具,,,,,,,
,云手机,云手机,,引流工具,,,,,,,
,模拟器,模拟器,,引流工具,,,,,,,
,新机工具,新机工具,,引流工具,,,,,,,
,电商平台,电商平台,,跨境电商,,,,,,,
,独立站,独立站,,跨境电商,,,,,,,
,选品分析,选品分析,,跨境电商,,,,,,,
,Deals平台,Deals平台,,跨境电商,,,,,,,
,广告代理,广告代理,,跨境服务,,,,,,,
,常用ERP,常用ERP,,跨境服务,,,,,,,
,物流货代,物流货代,,跨境服务,,,,,,,
,货源网站,货源网站,,跨境服务,,,,,,,
