category_name,tags,site,name
AI工具,AI常用工具,https://www.adobe.com/sensei.html,Adobe Sensei
AI工具,AI常用工具,https://midjourney.com,Midjourney
AI工具,AI常用工具,https://openai.com/blog/openai-codex,OpenAI Codex
AI工具,AI常用工具,https://blogs.microsoft.com/blog/2023/03/16/introducing-microsoft-365-copilot-your-copilot-for-work,Microsoft 365 Copilot
AI工具,AI常用工具,https://openai.com/blog/chatgpt,ChatGPT
AI工具,AI常用工具,https://github.com/features/copilot,GitHub Copilot
AI工具,AI常用工具,https://www.jasper.ai,Jasper
AI工具,AI常用工具,https://www.notion.so,Notion
AI工具,AI常用工具,https://www.microsoft.com/en-us/ai/ai-lab-sketch2code,Sketch2Code
AI工具,AI常用工具,https://writesonic.com,Writesonic
AI工具,AI常用工具,https://yige.baidu.com,文心一格
AI工具,AI常用工具,https://www.bing.com/?mkt=zh-CN,Bing新必应
AI工具,AI常用工具,https://www.ibm.com/watson,IBM Watson
AI工具,AI常用工具,https://landbot.io/ai,Landbot AI
AI工具,AI常用工具,https://pytorch.org,PyTorch
AI工具,AI常用工具,https://www.tensorflow.org/?hl=zh-cn,TensorFlow
AI工具,AI常用工具,https://www.deepl.com/translator-mobile,DeepL
AI工具,AI办公工具,https://blogs.microsoft.com/blog/2023/03/16/introducing-microsoft-365-copilot-your-copilot-for-work,Microsoft 365 Copilot
AI工具,AI办公工具,https://www.jasper.ai,Jasper
AI工具,AI办公工具,https://sheetplus.ai,Sheet+
AI工具,AI办公工具,https://www.iflyrec.com,讯飞听见
AI工具,AI办公工具,https://www.feishu.cn/product/minutes,飞书妙记
AI工具,AI办公工具,https://www.deepl.com/translator-mobile,DeepL
AI工具,AI办公工具,https://otter.ai,Otter.ai
AI工具,AI办公工具,https://fireflies.ai,Fireflies.ai
AI工具,AI办公工具,https://gitmind.com,GitMind
AI工具,AI办公工具,https://www.ayoa.com/ultimate,Ayoa Ultimate
AI工具,AI办公工具,https://www.taskade.com,Taskade
AI工具,AI办公工具,https://www.pandagpt.io,PandaGPT
AI工具,AI办公工具,https://www.formx.ai,FormX.ai
AI工具,AI办公工具,https://www.decktopus.com,Decktopus AI
AI工具,AI办公工具,https://www.excelly-ai.io,Excelly-AI
AI工具,AI办公工具,https://amymind.com,AmyMind
AI工具,AI办公工具,https://whimsical.com,Whimsical
AI工具,AI办公工具,https://rows.com,Rows
AI工具,AI写作工具,https://www.copy.ai,Copy.Ai
AI工具,AI写作工具,https://writesonic.com,Writesonic
AI工具,AI写作工具,https://chuangyi.taobao.com/pages/aiCopy,悉语
AI工具,AI写作工具,https://rytr.me,Rytr
AI工具,AI写作工具,https://marmof.com,Marmof
AI工具,AI写作工具,https://anyword.com,Anyword
AI工具,AI写作工具,https://getgetai.com,字语智能
AI工具,AI写作工具,https://copyai.cn,Copydone AI
AI工具,AI写作工具,https://xiezuocat.com,秘塔写作猫
AI工具,AI写作工具,https://copymatic.ai,Copymatic AI
AI工具,AI写作工具,https://quillbot.com,Quillbot
AI工具,AI写作工具,https://www.grammarly.com,Grammarly
AI工具,AI写作工具,https://smodin.io,Smodin
AI工具,AI写作工具,https://www.neuraltext.com,NeuralText
AI工具,AI写作工具,https://unbounce.com/product/smart-copy,Smart Copy
AI工具,AI写作工具,https://copysmith.ai,Copysmith
AI工具,AI写作工具,https://effidit.qq.com/en,Effidit
AI工具,AI写作工具,https://if.caiyunai.com,彩云小梦
AI工具,AI视频工具,https://b.jimmylv.cn,BibiGPT
AI工具,AI视频工具,https://fliki.ai,Fliki
AI工具,AI视频工具,https://pictory.ai,Pictory.ai
AI工具,AI视频工具,https://elai.io,Elai.io
AI工具,AI视频工具,https://www.heygen.com/?from=moviola,HeyGen
AI工具,AI视频工具,https://www.colossyan.com,Colossyan
AI工具,AI视频工具,https://www.cutout.pro/zh-CN/remove-video-background,Cutout.Pro
AI工具,AI视频工具,https://colourlab.ai,Colourlab.ai
AI工具,AI视频工具,https://bgrem.ai/zh/remove-video-bg,BgRem
AI工具,AI视频工具,https://hourone.ai,Hourone.ai
AI工具,AI视频工具,https://www.veed.io/zh-CN/tools/video-background-remover,VEED.IO
AI工具,AI视频工具,https://synthesys.io,Synthesys
AI工具,AI视频工具,http://rephrase.ai,Rephrase.ai
AI工具,AI视频工具,https://www.synthesia.io,Synthesia
AI工具,AI视频工具,https://dreamfaceapp.com,DreamFace
AI工具,AI视频工具,https://www.deepbrain.io,DeepBrain AI
AI工具,AI视频工具,https://www.unscreen.com,Unscreen
AI工具,AI设计工具,https://picsart.com/ai-image-generator,Picsart AI
AI工具,AI设计工具,https://stablediffusionweb.com,Stable Diffusion
AI工具,AI设计工具,https://www.microsoft.com/en-us/ai/ai-lab-sketch2code,Sketch2Code
AI工具,AI设计工具,https://postnitro.ai/zh/app/carousel-maker,PostNitro
AI工具,AI设计工具,https://img.logosc.cn,Ai改图神器
AI工具,AI设计工具,https://beta.dreamstudio.ai,Dream Studio
AI工具,AI设计工具,https://www.ponzu.gg,Ponzu
AI工具,AI设计工具,https://palette.fm,Palette.fm
AI工具,AI设计工具,https://huemint.com,Huemint
AI工具,AI设计工具,https://stockimg.ai,Stockimg AI
AI工具,AI设计工具,https://alpha.genmo.ai,Genmo
AI工具,AI设计工具,https://runwayml.com,Runway
AI工具,AI设计工具,https://cleanup.pictures,Cleanup Pictures
AI工具,AI设计工具,https://animegan.js.org,AnimeGAN
AI工具,AI编程工具,https://openai.com/blog/openai-codex,OpenAI Codex
AI工具,AI编程工具,https://github.com/features/copilot,GitHub Copilot
AI工具,AI编程工具,https://www.cursor.so,Cursor
AI工具,AI编程工具,https://replit.com/ai,Replit Ghostwriter
AI工具,AI编程工具,https://www.tabnine.com,TabNine
AI工具,AI编程工具,https://sourceai.dev,SourceAI
AI工具,AI编程工具,https://codeocean.com,CodeOcean
AI工具,AI编程工具,https://visualstudio.microsoft.com/services/intellicode,IntelliCode
AI工具,AI编程工具,https://plugins.jetbrains.com/plugin/7638-codota-ai-autocomplete-for-java-and-javascript,Codota
AI工具,AI编程工具,https://www.deepcode.ai,DeepCode
AI工具,AI编程工具,https://www.kite.com/blog/product/kite-is-saying-farewell,Kite
AI工具,AI编程工具,https://mxnet.apache.org,Apache MXNet
AI工具,AI编程工具,https://opencv.org,OpenCV
AI工具,AI编程工具,https://pytorch.org,PyTorch
AI工具,AI编程工具,https://www.tensorflow.org/?hl=zh-cn,TensorFlow
AI工具,AI编程工具,https://www.askcodi.com,AskCodi
AI工具,AI编程工具,https://codegeex.cn,CodeGeeX
AI工具,AI编程工具,https://ai-code-reviewer.com,AI Code Reviewer