site,tags,flag
anonymous-proxies.net,"['""Telegram', 'Japan', 'Brazil', 'Slovakia', 'Israel', 'Portugal', 'Poland', 'Finland', 'Mobile', 'Australia', 'Spain', 'Romania', 'Greece', 'South Korea', 'Dedicated', 'Estonia', 'Twitter', 'Private', 'Premium', 'Free', 'United Kingdom', 'SOCKS5', 'Datacenter', 'Argentina', 'Social Media', 'IPV4', 'Ukraine', 'France', 'Sneaker', 'Paid', 'Vietnam', 'Rotating', 'Google', 'Russia', 'Latvia', 'Malta', 'Norway', 'Cyprus', 'Germany', 'Hungary', 'eBay', 'YouTube', 'Iceland', 'Discord', 'Bulgaria', 'Sweden', 'Shared', 'Pinterest', 'Austria', 'Canada', 'Scraping', 'Residential', 'Ireland', 'Slovenia', 'Liechtenstein', 'Pakistan', 'Luxembourg', 'New Zealand', 'TikTok', 'Belgium', 'United States', 'Czech Republic', 'Denmark', 'China', 'India', 'Croatia', 'Reddit', 'Craigslist', 'Netherlands', 'Instagram', 'Lithuania', 'Mexico', 'Italy', 'Indonesia', 'SEO', 'ISP', 'Amazon', 'Facebook""']",1
proxy-hub.com,"['""Telegram', 'Japan', 'Brazil', 'Slovakia', 'Israel', 'Portugal', 'Poland', 'Finland', 'Mobile', 'Australia', 'Spain', 'Romania', 'Greece', 'South Korea', 'Dedicated', 'Estonia', 'Twitter', 'Private', 'Premium', 'Free', 'United Kingdom', 'SOCKS5', 'Datacenter', 'Argentina', 'Social Media', 'IPV4', 'Ukraine', 'France', 'Sneaker', 'Paid', 'Vietnam', 'Rotating', 'Google', 'Russia', 'Latvia', 'Malta', 'Norway', 'Cyprus', 'Germany', 'Hungary', 'eBay', 'YouTube', 'Iceland', 'Discord', 'Bulgaria', 'Sweden', 'Shared', 'Pinterest', 'Austria', 'Canada', 'Scraping', 'Residential', 'Ireland', 'Slovenia', 'Liechtenstein', 'Pakistan', 'Luxembourg', 'New Zealand', 'TikTok', 'Belgium', 'United States', 'Czech Republic', 'Denmark', 'China', 'India', 'Croatia', 'Reddit', 'Craigslist', 'Netherlands', 'Instagram', 'Lithuania', 'Mexico', 'Italy', 'Indonesia', 'SEO', 'ISP', 'Amazon', 'Facebook""']",1
sslprivateproxy.com,"['""Telegram', 'Japan', 'Brazil', 'Slovakia', 'Israel', 'Portugal', 'Poland', 'Finland', 'Mobile', 'Australia', 'Spain', 'Romania', 'Greece', 'South Korea', 'Dedicated', 'Estonia', 'Twitter', 'Private', 'Premium', 'Free', 'United Kingdom', 'SOCKS5', 'Datacenter', 'Argentina', 'Social Media', 'IPV4', 'Ukraine', 'France', 'Sneaker', 'Paid', 'Vietnam', 'Rotating', 'Google', 'Russia', 'Latvia', 'Malta', 'Norway', 'Cyprus', 'Germany', 'Hungary', 'eBay', 'YouTube', 'Iceland', 'Discord', 'Bulgaria', 'Sweden', 'Shared', 'Pinterest', 'Austria', 'Canada', 'Scraping', 'Residential', 'Ireland', 'Slovenia', 'Liechtenstein', 'Pakistan', 'Luxembourg', 'New Zealand', 'TikTok', 'Belgium', 'United States', 'Czech Republic', 'Denmark', 'China', 'India', 'Croatia', 'Reddit', 'Craigslist', 'Netherlands', 'Instagram', 'Lithuania', 'Mexico', 'Italy', 'Indonesia', 'SEO', 'ISP', 'Amazon', 'Facebook""']",1
apolloproxy.com,"['""Telegram', 'Japan', 'Brazil', 'Slovakia', 'Israel', 'Portugal', 'Poland', 'Finland', 'Mobile', 'Australia', 'Spain', 'Romania', 'Greece', 'South Korea', 'Dedicated', 'Estonia', 'Twitter', 'Private', 'Premium', 'Free', 'United Kingdom', 'SOCKS5', 'Datacenter', 'Argentina', 'Social Media', 'IPV4', 'Ukraine', 'France', 'Sneaker', 'Paid', 'Vietnam', 'Rotating', 'Google', 'Russia', 'Latvia', 'Malta', 'Norway', 'Cyprus', 'Germany', 'Hungary', 'eBay', 'YouTube', 'Iceland', 'Discord', 'Bulgaria', 'Sweden', 'Shared', 'Pinterest', 'Austria', 'Canada', 'Scraping', 'Residential', 'Ireland', 'Slovenia', 'Liechtenstein', 'Pakistan', 'Luxembourg', 'New Zealand', 'TikTok', 'Belgium', 'United States', 'Czech Republic', 'Denmark', 'China', 'India', 'Croatia', 'Reddit', 'Craigslist', 'Netherlands', 'Instagram', 'Lithuania', 'Mexico', 'Italy', 'Indonesia', 'SEO', 'ISP', 'Amazon', 'Facebook""']",1
ip2world.com,"['""Telegram', 'Japan', 'Brazil', 'Slovakia', 'Israel', 'Portugal', 'Poland', 'Finland', 'Mobile', 'Australia', 'Spain', 'Romania', 'Greece', 'South Korea', 'Dedicated', 'Estonia', 'Twitter', 'Private', 'Premium', 'Free', 'United Kingdom', 'SOCKS5', 'Datacenter', 'Argentina', 'Social Media', 'IPV4', 'Ukraine', 'France', 'Sneaker', 'Paid', 'Vietnam', 'Rotating', 'Google', 'Russia', 'Latvia', 'Malta', 'Norway', 'Cyprus', 'Germany', 'Hungary', 'eBay', 'YouTube', 'Iceland', 'Discord', 'Bulgaria', 'Sweden', 'Shared', 'Pinterest', 'Austria', 'Canada', 'Scraping', 'Residential', 'Ireland', 'Slovenia', 'Liechtenstein', 'Pakistan', 'Luxembourg', 'New Zealand', 'TikTok', 'Belgium', 'United States', 'Czech Republic', 'Denmark', 'China', 'India', 'Croatia', 'Reddit', 'Craigslist', 'Netherlands', 'Instagram', 'Lithuania', 'Mexico', 'Italy', 'Indonesia', 'SEO', 'ISP', 'Amazon', 'Facebook""']",1
proxylte.com,"['""Telegram', 'Cyprus', 'Estonia', 'Germany', 'Malta', 'New Zealand', 'Twitter', 'Private', 'TikTok', 'Premium', 'Belgium', 'Hungary', 'Japan', 'United Kingdom', 'United States', 'SOCKS5', 'Czech Republic', 'eBay', 'Brazil', 'Denmark', 'China', 'India', 'YouTube', 'Croatia', 'Reddit', 'Argentina', 'Craigslist', 'Netherlands', 'Israel', 'Slovakia', 'Instagram', 'Social Media', 'Lithuania', 'Mexico', 'Discord', 'Italy', 'Portugal', 'Bulgaria', 'Poland', 'Sweden', 'Shared', 'Pinterest', 'SEO', 'IPV4', 'Austria', 'Finland', 'France', 'Mobile', 'ISP', 'Ukraine', 'Sneaker', 'Paid', 'Facebook', 'Canada', 'Vietnam', 'Spain', 'Romania', 'Greece', 'Switzerland', 'Google', 'Scraping', 'Residential', 'Russia', 'Latvia', 'South Korea', 'Ireland', 'Liechtenstein', 'Slovenia', 'Amazon', 'Pakistan', 'Luxembourg', 'Norway""']",1
mobileproxy.space,"['""Telegram', 'Japan', 'Brazil', 'Slovakia', 'Israel', 'Portugal', 'Poland', 'Finland', 'Mobile', 'Australia', 'Spain', 'Romania', 'Greece', 'South Korea', 'Dedicated', 'Estonia', 'Twitter', 'Private', 'Premium', 'Free', 'United Kingdom', 'SOCKS5', 'Datacenter', 'Argentina', 'Social Media', 'IPV4', 'Ukraine', 'France', 'Sneaker', 'Paid', 'Vietnam', 'Rotating', 'Google', 'Russia', 'Latvia', 'Malta', 'Norway', 'Cyprus', 'Germany', 'Hungary', 'eBay', 'YouTube', 'Iceland', 'Discord', 'Bulgaria', 'Sweden', 'Shared', 'Pinterest', 'Austria', 'Canada', 'Scraping', 'Residential', 'Ireland', 'Slovenia', 'Liechtenstein', 'Pakistan', 'Luxembourg', 'New Zealand', 'TikTok', 'Belgium', 'United States', 'Czech Republic', 'Denmark', 'China', 'India', 'Croatia', 'Reddit', 'Craigslist', 'Netherlands', 'Instagram', 'Lithuania', 'Mexico', 'Italy', 'Indonesia', 'SEO', 'ISP', 'Amazon', 'Facebook""']",1
yourprivateproxy.com,"['""Telegram', 'Japan', 'Brazil', 'Slovakia', 'Israel', 'Portugal', 'Poland', 'Finland', 'Mobile', 'Australia', 'Spain', 'Romania', 'Greece', 'South Korea', 'Dedicated', 'Estonia', 'Twitter', 'Private', 'Premium', 'Free', 'United Kingdom', 'SOCKS5', 'Datacenter', 'Argentina', 'Social Media', 'IPV4', 'Ukraine', 'France', 'Sneaker', 'Paid', 'Vietnam', 'Rotating', 'Google', 'Russia', 'Latvia', 'Malta', 'Norway', 'Cyprus', 'Germany', 'Hungary', 'eBay', 'YouTube', 'Iceland', 'Discord', 'Bulgaria', 'Sweden', 'Shared', 'Pinterest', 'Austria', 'Canada', 'Scraping', 'Residential', 'Ireland', 'Slovenia', 'Liechtenstein', 'Pakistan', 'Luxembourg', 'New Zealand', 'TikTok', 'Belgium', 'United States', 'Czech Republic', 'Denmark', 'China', 'India', 'Croatia', 'Reddit', 'Craigslist', 'Netherlands', 'Instagram', 'Lithuania', 'Mexico', 'Italy', 'Indonesia', 'SEO', 'ISP', 'Amazon', 'Facebook""']",1
proxyelite.info,"['""Telegram', 'Japan', 'Brazil', 'Slovakia', 'Israel', 'Portugal', 'Poland', 'Finland', 'Mobile', 'Australia', 'Spain', 'Romania', 'Greece', 'South Korea', 'Dedicated', 'Estonia', 'Twitter', 'Private', 'Premium', 'Free', 'United Kingdom', 'SOCKS5', 'Datacenter', 'Argentina', 'Social Media', 'IPV4', 'Ukraine', 'France', 'Sneaker', 'Paid', 'Vietnam', 'Rotating', 'Google', 'Russia', 'Latvia', 'Malta', 'Norway', 'Cyprus', 'Germany', 'Hungary', 'eBay', 'YouTube', 'Iceland', 'Discord', 'Bulgaria', 'Sweden', 'Shared', 'Pinterest', 'Austria', 'Canada', 'Scraping', 'Residential', 'Ireland', 'Slovenia', 'Liechtenstein', 'Pakistan', 'Luxembourg', 'New Zealand', 'TikTok', 'Belgium', 'United States', 'Czech Republic', 'Denmark', 'China', 'India', 'Croatia', 'Reddit', 'Craigslist', 'Netherlands', 'Instagram', 'Lithuania', 'Mexico', 'Italy', 'Indonesia', 'SEO', 'ISP', 'Amazon', 'Facebook""']",1
lucproxy.com,"['""Telegram', 'Japan', 'Brazil', 'Slovakia', 'Israel', 'Portugal', 'Poland', 'Finland', 'Mobile', 'Australia', 'Spain', 'Romania', 'Greece', 'South Korea', 'Dedicated', 'Estonia', 'Twitter', 'Private', 'Premium', 'Free', 'United Kingdom', 'SOCKS5', 'Datacenter', 'Argentina', 'Social Media', 'IPV4', 'Ukraine', 'France', 'Sneaker', 'Paid', 'Vietnam', 'Rotating', 'Google', 'Russia', 'Latvia', 'Malta', 'Norway', 'Cyprus', 'Germany', 'Hungary', 'eBay', 'YouTube', 'Iceland', 'Discord', 'Bulgaria', 'Sweden', 'Shared', 'Pinterest', 'Austria', 'Canada', 'Scraping', 'Residential', 'Ireland', 'Slovenia', 'Liechtenstein', 'Pakistan', 'Luxembourg', 'New Zealand', 'TikTok', 'Belgium', 'United States', 'Czech Republic', 'Denmark', 'China', 'India', 'Croatia', 'Reddit', 'Craigslist', 'Netherlands', 'Instagram', 'Lithuania', 'Mexico', 'Italy', 'Indonesia', 'SEO', 'ISP', 'Amazon', 'Facebook""']",1
proxyheaven.io,"['""Telegram', 'Japan', 'Brazil', 'Slovakia', 'Israel', 'Portugal', 'Poland', 'Finland', 'Mobile', 'Australia', 'Spain', 'Romania', 'Greece', 'South Korea', 'Dedicated', 'Estonia', 'Twitter', 'Private', 'Premium', 'Free', 'United Kingdom', 'SOCKS5', 'Datacenter', 'Argentina', 'Social Media', 'IPV4', 'Ukraine', 'France', 'Sneaker', 'Paid', 'Vietnam', 'Rotating', 'Google', 'Russia', 'Latvia', 'Malta', 'Norway', 'Cyprus', 'Germany', 'Hungary', 'eBay', 'YouTube', 'Iceland', 'Discord', 'Bulgaria', 'Sweden', 'Shared', 'Pinterest', 'Austria', 'Canada', 'Scraping', 'Residential', 'Ireland', 'Slovenia', 'Liechtenstein', 'Pakistan', 'Luxembourg', 'New Zealand', 'TikTok', 'Belgium', 'United States', 'Czech Republic', 'Denmark', 'China', 'India', 'Croatia', 'Reddit', 'Craigslist', 'Netherlands', 'Instagram', 'Lithuania', 'Mexico', 'Italy', 'Indonesia', 'SEO', 'ISP', 'Amazon', 'Facebook""']",1
