category_name,tag_name,url
跨境电商,"[""选品分析""]",https://algopix.com
proxy,"[""Telegram"",""Cyprus"",""Germany"",""Estonia"",""New Zealand"",""Malta"",""Twitter"",""TikTok"",""Belgium"",""Japan"",""Hungary"",""United Kingdom"",""United States"",""Czech Republic"",""eBay"",""Luxembourg"",""Brazil"",""Denmark"",""China"",""India"",""YouTube"",""Datacenter"",""Croatia"",""Reddit"",""Argentina"",""Craigslist"",""Netherlands"",""Israel"",""Slovakia"",""Instagram"",""Social Media"",""Lithuania"",""Mexico"",""Iceland"",""Italy"",""Portugal"",""Discord"",""Bulgaria"",""Indonesia"",""Poland"",""Sweden"",""Pinterest"",""SEO"",""Austria"",""Ukraine"",""France"",""Finland"",""Sneaker"",""Facebook"",""Canada"",""Australia"",""Vietnam"",""Spain"",""Romania"",""Greece"",""Google"",""Scraping"",""Residential"",""Russia"",""South Korea"",""Latvia"",""Ireland"",""Slovenia"",""Liechtenstein"",""Amazon"",""Pakistan"",""Dedicated"",""Norway""]",https://proxyma.io
proxy,"[""Telegram"",""Cyprus"",""Germany"",""Estonia"",""New Zealand"",""Malta"",""Twitter"",""TikTok"",""Belgium"",""Japan"",""Hungary"",""United Kingdom"",""United States"",""Czech Republic"",""eBay"",""Luxembourg"",""Brazil"",""Denmark"",""China"",""India"",""YouTube"",""Datacenter"",""Croatia"",""Reddit"",""Argentina"",""Craigslist"",""Netherlands"",""Israel"",""Slovakia"",""Instagram"",""Social Media"",""Lithuania"",""Mexico"",""Iceland"",""Italy"",""Portugal"",""Discord"",""Bulgaria"",""Indonesia"",""Poland"",""Sweden"",""Pinterest"",""SEO"",""Austria"",""Ukraine"",""France"",""Finland"",""Sneaker"",""Facebook"",""Canada"",""Australia"",""Vietnam"",""Spain"",""Romania"",""Greece"",""Google"",""Scraping"",""Residential"",""Russia"",""South Korea"",""Latvia"",""Ireland"",""Slovenia"",""Liechtenstein"",""Amazon"",""Pakistan"",""Dedicated"",""Norway""]",https://proxyium.com
proxy,"[""Telegram"",""Cyprus"",""Germany"",""Estonia"",""New Zealand"",""Malta"",""Twitter"",""Private"",""TikTok"",""Premium"",""Belgium"",""Japan"",""Hungary"",""United Kingdom"",""United States"",""SOCKS5"",""Czech Republic"",""Luxembourg"",""eBay"",""Brazil"",""Denmark"",""China"",""India"",""YouTube"",""Datacenter"",""Croatia"",""Reddit"",""Argentina"",""Craigslist"",""Netherlands"",""Israel"",""Slovakia"",""Instagram"",""Social Media"",""Lithuania"",""Mexico"",""Iceland"",""Italy"",""Portugal"",""Discord"",""Bulgaria"",""Indonesia"",""Poland"",""Sweden"",""Shared"",""Pinterest"",""SEO"",""IPV4"",""Austria"",""Ukraine"",""France"",""Finland"",""Sneaker"",""Paid"",""Facebook"",""Canada"",""Australia"",""Vietnam"",""Spain"",""Romania"",""Greece"",""Rotating"",""Scraping"",""Google"",""Russia"",""South Korea"",""Latvia"",""Ireland"",""Slovenia"",""Liechtenstein"",""Amazon"",""Pakistan"",""Dedicated"",""Norway""]",https://proxys.io
proxy,"[""Telegram"",""Japan"",""Brazil"",""Slovakia"",""Israel"",""Portugal"",""Poland"",""Finland"",""Mobile"",""Australia"",""Spain"",""Romania"",""Greece"",""South Korea"",""Dedicated"",""Estonia"",""Twitter"",""Private"",""Premium"",""United Kingdom"",""SOCKS5"",""Datacenter"",""Argentina"",""Social Media"",""IPV4"",""Ukraine"",""France"",""Sneaker"",""Paid"",""Vietnam"",""Rotating"",""Google"",""Russia"",""Latvia"",""Malta"",""Norway"",""Cyprus"",""Germany"",""Hungary"",""eBay"",""YouTube"",""Iceland"",""Discord"",""Bulgaria"",""Sweden"",""Shared"",""Pinterest"",""Austria"",""Canada"",""Scraping"",""Residential"",""Ireland"",""Slovenia"",""Liechtenstein"",""Pakistan"",""Luxembourg"",""New Zealand"",""TikTok"",""Belgium"",""United States"",""Czech Republic"",""Denmark"",""China"",""India"",""Croatia"",""Reddit"",""Craigslist"",""Netherlands"",""Instagram"",""Lithuania"",""Mexico"",""Italy"",""Indonesia"",""SEO"",""ISP"",""Amazon"",""Facebook""]",https://proxy-seller.io
实用工具,"[""常用网址""]",https://www.instagram.com
实用工具,"[""常用网址""]",https://www.youtube.com
实用工具,"[""常用网址""]",https://www.yelp.com
实用工具,"[""短链生成工具""]",https://polrproject.org
AI工具,"[""AI常用工具""]",https://openai.com/blog/openai-codex
AI工具,"[""AI常用工具""]",https://openai.com/blog/chatgpt
AI工具,"[""AI写作工具""]",https://chuangyi.taobao.com/pages/aiCopy
AI工具,"[""AI设计工具""]",https://picsart.com/ai-image-generator
AI工具,"[""AI设计工具""]",https://www.ponzu.gg
跨境资讯,"[""全球新闻""]",https://www.mingpao.com
跨境资讯,"[""全球新闻""]",https://www.ifeng.com
跨境资讯,"[""全球新闻""]",https://hk.yahoo.com
跨境资讯,"[""全球新闻""]",https://www.scmp.com
跨境资讯,"[""全球新闻""]",https://theinitium.com
跨境资讯,"[""全球新闻""]",https://www.hk01.com
跨境资讯,"[""全球新闻""]",https://www.wenweipo.com
跨境资讯,"[""全球新闻""]",https://orientaldaily.on.cc
跨境资讯,"[""全球新闻""]",https://www.chinatimes.com
跨境资讯,"[""全球新闻""]",https://news.tvbs.com.tw
跨境资讯,"[""全球新闻""]",https://tw.yahoo.com
跨境资讯,"[""全球新闻""]",https://news.ebc.net.tw
跨境资讯,"[""全球新闻""]",https://www.ttv.com.tw
跨境资讯,"[""全球新闻""]",https://udn.com
跨境资讯,"[""中国论坛""]",http://bbs1.people.com.cn/board/1.html
跨境资讯,"[""中国论坛""]",https://www.v2ex.com
跨境资讯,"[""中国论坛""]",https://www.douban.com/group/explore
跨境资讯,"[""中国论坛""]",http://people.sina.com.cn/forum
跨境资讯,"[""全球论坛""]",https://www.blackhatworld.com
跨境资讯,"[""全球论坛""]",https://www.warriorforum.com
跨境资讯,"[""全球论坛""]",https://www.digitalpoint.com
跨境资讯,"[""全球论坛""]",https://www.affiliatefix.com
跨境资讯,"[""全球论坛""]",https://neilpatel.com
跨境资讯,"[""全球论坛""]",https://www.johnchow.com
跨境资讯,"[""Affliate联盟""]",https://www.shareasale.com
跨境推广,"[""社交媒体""]",https://www.facebook.com
跨境推广,"[""社交媒体""]",https://www.instagram.com
跨境推广,"[""社交媒体""]",https://www.whatsapp.com
跨境推广,"[""社交媒体""]",https://twitter.com
跨境推广,"[""社交媒体""]",http://www.tumblr.com
跨境推广,"[""社交媒体""]",https://www.reddit.com
跨境推广,"[""社交媒体""]",http://www.vk.com
跨境推广,"[""社交营销""]",https://buffer.com
跨境推广,"[""社交营销""]",https://jarvee.com
跨境推广,"[""社交营销""]",https://tweetdeck.twitter.com
跨境推广,"[""网红营销""]",https://www.tomoson.com
跨境推广,"[""EDM营销""]",https://www.mailerlite.com
跨境服务,"[""域名注册""]",https://www.namecheap.com
跨境服务,"[""域名注册""]",https://www.crazydomains.com
跨境服务,"[""域名注册""]",https://www.domain.com
跨境服务,"[""短信接码""]",https://5sim.net
跨境服务,"[""短信接码""]",https://yunduanxin.net
跨境服务,"[""短信接码""]",https://receive-sms-free.net
数字货币,"[""市场数据""]",https://www.intotheblock.com
数字货币,"[""市场数据""]",https://coinmarketcal.com
数字货币,"[""市场数据""]",https://glassnode.com
数字货币,"[""NFT工具""]",https://creator.nightcafe.studio
数字货币,"[""交易所""]",https://crypto.com/exchange
数字货币,"[""交易所""]",https://www.htx.com
技术交流,"[""软件开发""]",https://www.csdn.net
Facebook,"[""FB常用工具""]",https://www.facebook.com/business/shops
Facebook,"[""FB常用工具""]",https://fbp.exceedlms.com/student/catalog
Facebook,"[""FB申诉链接""]",https://www.facebook.com/help/contact/273898596750902
Facebook,"[""FB申诉链接""]",https://www.facebook.com/help/contact/2026068680760273
Facebook,"[""FB申诉链接""]",https://www.facebook.com/business/help/1210227555661027
Facebook,"[""FB申诉链接""]",https://www.facebook.com/support
Facebook,"[""FB申诉链接""]",https://www.facebook.com/help/contact/571927962827151
Facebook,"[""FB官方资料""]",https://www.facebook.com/help
Facebook,"[""FB官方资料""]",https://www.facebook.com/business/learn
Facebook,"[""FB官方资料""]",https://www.facebook.com/business/help
Google,"[""Google常用""]",https://translate.google.cn
Google,"[""Google常用""]",https://support.google.com
Google,"[""谷歌插件""]",https://chrome.google.com/webstore/detail/resolution-test/idhfcdbheobinplaamokffboaccidbal
跨境服务,"[""电商平台""]",https://www.gmarket.co.kr
Google,"[""SEO工具""]",http://tool.chinaz.com
内容制作,"[""文案工具""]",http://www.wenangou.com
内容制作,"[""素材编辑""]",https://www.easyicon.cc
内容制作,"[""图库网站""]",https://foter.com
内容制作,"[""图库网站""]",https://visualhunt.com
技术交流,"[""软件开发""]",https://www.v2ex.com
技术交流,"[""软件开发""]",https://www.cnblogs.com
技术交流,"[""软件开发""]",https://www.oschina.net
跨境服务,"[""常用ERP""]",https://www.mangoerp.com/index
跨境资讯,"[""国内论坛""]",https://mjzj.com
跨境资讯,"[""国内论坛""]",https://www.tkfff.com
跨境资讯,"[""国内论坛""]",https://qizantools.com
跨境资讯,"[""国内论坛""]",https://cpsea.com
跨境资讯,"[""国外论坛""]",https://johnchow.com
营销工具,"[""广告开户""]",https://luban.bluemediagroup.cn/about/index
营销工具,"[""广告检测""]",https://www.oracle.com/cx/advertising/measurement
营销工具,"[""追踪系统""]",https://ga-dev-tools.google/campaign-url-builder
跨境推广,"[""社交媒体""]",https://www.youtube.com
跨境推广,"[""社交媒体""]",https://twitter.com
跨境推广,"[""社交媒体""]",https://www.reddit.com
跨境推广,"[""网红营销""]",https://lookbook.nu
独立站,"[""独立建站""]",https://pushplus.cc/u/7dk48ax3b6
独立站,"[""独立站物流""]",http://aafgzx.nextsls.com/wos/login
Facebook,"[""FB常用工具""]",https://www.facebook.com/ads/tools/text_overlay
Facebook,"[""FB申诉链接""]",https://www.facebook.com/help/contact/186912391909649
Facebook,"[""FB申诉链接""]",https://www.facebook.com/help/contact/1582364792025146
Facebook,"[""FB广告工具""]",https://funnel.io/qwaya
Facebook,"[""FB广告工具""]",https://astatus.vip
Google,"[""Google常用""]",https://analytics.google.com/analytics/web
Google,"[""Google常用""]",https://developers.google.com/search/help
Google,"[""关键词工具""]",https://trends.google.com/trends
Google,"[""SEO工具""]",https://accounts.google.com
Google,"[""SEO工具""]",https://builtwith.com
社媒资源,"[""帐号购买""]",https://www.oldfbaccount.com
营销工具,"[""脚本工具""]",https://pro.autojs.org
内容制作,"[""lander制作""]",https://www.idvert.com
内容制作,"[""素材编辑""]",https://www.picturando.com
内容制作,"[""图库编辑""]",https://www.iconfont.cn
内容制作,"[""视频下载""]",https://www.y2mate.com/en376
技术交流,"[""软件开发""]",https://bbs.voldp.com/forum.php
技术交流,"[""主机交流""]",https://webhostingtalk.cn
技术交流,"[""主机交流""]",https://hostloc.com
综合软件,"[""效率工具""]",http://www.atoolbox.net
综合软件,"[""效率工具""]",http://xzy1y.ysepan.com
跨境服务,"[""电商平台""]",https://www.amazon.com
跨境服务,"[""电商平台""]",https://www.ebay.com
跨境服务,"[""电商平台""]",https://login.aliexpress.com
proxy,"[""Telegram"",""Cyprus"",""Estonia"",""Germany"",""Malta"",""New Zealand"",""Twitter"",""Private"",""TikTok"",""Premium"",""Belgium"",""Hungary"",""Japan"",""United Kingdom"",""United States"",""SOCKS5"",""Czech Republic"",""Luxembourg"",""eBay"",""Brazil"",""Denmark"",""China"",""India"",""YouTube"",""Datacenter"",""Croatia"",""Reddit"",""Argentina"",""Craigslist"",""Netherlands"",""Israel"",""Slovakia"",""Instagram"",""Social Media"",""Lithuania"",""Mexico"",""Discord"",""Italy"",""Portugal"",""Bulgaria"",""Poland"",""Sweden"",""Shared"",""Pinterest"",""SEO"",""IPV4"",""Austria"",""Finland"",""France"",""Ukraine"",""Sneaker"",""Paid"",""Facebook"",""Canada"",""Vietnam"",""Spain"",""Romania"",""Greece"",""Switzerland"",""Rotating"",""Scraping"",""Residential"",""Google"",""Russia"",""Latvia"",""South Korea"",""Ireland"",""Liechtenstein"",""Slovenia"",""Amazon"",""Pakistan"",""Dedicated"",""Norway""]",https://localproxies.com
proxy,"[""Telegram"",""Cyprus"",""Germany"",""Estonia"",""New Zealand"",""Malta"",""Twitter"",""TikTok"",""Belgium"",""Japan"",""Hungary"",""United Kingdom"",""United States"",""Czech Republic"",""eBay"",""Luxembourg"",""Brazil"",""Denmark"",""China"",""India"",""YouTube"",""Datacenter"",""Croatia"",""Reddit"",""Argentina"",""Craigslist"",""Netherlands"",""Israel"",""Slovakia"",""Instagram"",""Social Media"",""Lithuania"",""Mexico"",""Iceland"",""Italy"",""Portugal"",""Discord"",""Bulgaria"",""Indonesia"",""Poland"",""Sweden"",""Pinterest"",""SEO"",""Austria"",""Ukraine"",""France"",""Finland"",""Sneaker"",""Facebook"",""Canada"",""Australia"",""Vietnam"",""Spain"",""Romania"",""Greece"",""Google"",""Scraping"",""Residential"",""Russia"",""South Korea"",""Latvia"",""Ireland"",""Slovenia"",""Liechtenstein"",""Amazon"",""Pakistan"",""Dedicated"",""Norway""]",https://ake.net
proxy,"[""Telegram"",""Japan"",""Brazil"",""Slovakia"",""Israel"",""Portugal"",""Poland"",""Finland"",""Mobile"",""Australia"",""Spain"",""Romania"",""Greece"",""South Korea"",""Dedicated"",""Estonia"",""Twitter"",""Private"",""Premium"",""Free"",""United Kingdom"",""SOCKS5"",""Datacenter"",""Argentina"",""Social Media"",""IPV4"",""Ukraine"",""France"",""Sneaker"",""Paid"",""Vietnam"",""Rotating"",""Google"",""Russia"",""Latvia"",""Malta"",""Norway"",""Cyprus"",""Germany"",""Hungary"",""eBay"",""YouTube"",""Iceland"",""Discord"",""Bulgaria"",""Sweden"",""Shared"",""Pinterest"",""Austria"",""Canada"",""Scraping"",""Residential"",""Ireland"",""Slovenia"",""Liechtenstein"",""Pakistan"",""Luxembourg"",""New Zealand"",""TikTok"",""Belgium"",""United States"",""Czech Republic"",""Denmark"",""China"",""India"",""Croatia"",""Reddit"",""Craigslist"",""Netherlands"",""Instagram"",""Lithuania"",""Mexico"",""Italy"",""Indonesia"",""SEO"",""ISP"",""Amazon"",""Facebook""]",https://asocks.com
